employee_id,performance_score,satisfaction_score,workload_score,team_sentiment
SYN_00000000,0.6324820831281136,0.6237460118062441,0.7581167715492352,0.6623349378393414
SYN_00000001,0.5385872820896255,0.9825562132705301,0.7884164014666586,0.9346611910561453
SYN_00000002,0.6246559501573641,0.7672001453790606,0.6976166175552123,0.8885590679099982
SYN_00000003,0.9593204491448002,0.18588825687939686,0.4931428625984816,0.7321889621363469
SYN_00000004,0.6773053419084769,0.566706138187027,0.5672298926754097,0.817545083088953
SYN_00000005,0.9228044875390087,0.9090990825417041,0.7348021567316011,0.45911602720592454
SYN_00000006,0.7872361653634165,0.8946047077960472,0.6524734239666183,0.40471026091509404
SYN_00000007,0.8918178136088231,0.7084406959239201,0.6133243716837685,0.8013697439495124
SYN_00000008,0.3911756038953717,0.6160351665748047,0.8661025018969136,0.6268326156390689
SYN_00000009,0.7895622641116652,1.0,0.6964874069280275,0.8388121934546099
SYN_00000010,0.587041285514167,0.550870174784153,0.5377996885360233,0.5862163642503273
SYN_00000011,0.33329902008889223,0.12141409840253815,0.7914416728964556,0.6052898620866108
SYN_00000012,0.833019337354498,0.7827127291373677,0.3096492125728903,0.8849273869039871
SYN_00000013,0.6376902989922175,0.5586716433926301,0.7941794872809902,0.5428167339761487
SYN_00000014,0.42057993881647326,0.4255359237265692,0.9788561468758803,0.505676342953914
SYN_00000015,1.0,0.9659743511637846,0.3685751866883753,0.6574517756149334
SYN_00000016,0.419618333400129,0.3687999849772911,0.9395824323772957,0.4831762435433573
SYN_00000017,0.8784454511704758,0.9736977578875161,0.4551580953415846,0.6862242364862498
SYN_00000018,0.5111859364660029,0.3832646847132244,0.6019895167087057,0.5618636028113109
SYN_00000019,0.8648583856299596,0.978713269766913,0.5536541336558938,0.7342916415249329
SYN_00000020,0.3127434176112777,0.6596163460808109,0.6934047370699223,0.6415284027546153
SYN_00000021,0.9442740449338818,0.7038039386435974,0.33301887803878216,0.39843440527314034
SYN_00000022,0.2698902990838597,0.6559030028429687,0.7055014117482151,0.7393524685110741
SYN_00000023,0.7937634689342379,0.4265756677236742,0.847389879114724,0.5773457586118164
SYN_00000024,0.6653716076879768,0.4662399597062134,0.5634343752117176,0.6420801968869148
SYN_00000025,0.7073946782023791,0.9363845878828542,0.4707683268056858,0.36305526188092224
SYN_00000026,0.6019685690417457,0.7579743040200979,0.5483348706773847,0.3234346700936247
SYN_00000027,0.9641171269683382,0.41272973174474725,0.5405505276903922,0.9171142905245759
SYN_00000028,0.5081915611961784,0.3932833296253994,0.9521566870842719,0.8968147471184641
SYN_00000029,0.694159354152091,0.35831762464033495,0.875039557646632,0.720981493570515
SYN_00000030,0.5124287992261908,0.29780496768785547,0.5908388561898591,0.5728873474279479
SYN_00000031,0.5345962394837732,0.4324751018676095,0.713141265179553,0.6678516614024269
SYN_00000032,0.8174483224059227,0.9489131544737067,0.37378806586934643,0.732332625742184
SYN_00000033,0.6707184060062465,0.49812941418287954,0.7986924074959354,0.9422155297526175
SYN_00000034,0.9217170039238454,0.8655674904434593,0.5295795176959547,0.7210371388738375
SYN_00000035,0.6528256663202217,0.4229717813386117,0.8758732321110437,0.6915096281908627
SYN_00000036,0.884242591945816,0.4454204343077833,0.3558930965951009,0.7827797538771143
SYN_00000037,0.5872978598198331,0.986731862556248,0.8797070432441283,0.5699208941986648
SYN_00000038,0.47765013305649856,0.951852860054353,0.6188273458203167,0.7483071282784632
SYN_00000039,0.6831803633671785,0.0670833768698742,0.8353712214445315,0.3788460784973924
SYN_00000040,0.7772163559005292,0.5607699256314868,0.47589842799895843,0.6421357775924708
SYN_00000041,0.6605204905738493,0.8022586814397498,0.7413862034676277,0.3732426567258449
SYN_00000042,0.8003796530589863,0.7439647383188637,0.28621583492687575,0.6463326295129596
SYN_00000043,0.7650297478525737,0.9912462593466209,0.4196413959046631,0.6534292798180684
SYN_00000044,0.4255264116845753,0.45825573040903356,0.7914219748472965,0.5339451125356283
SYN_00000045,0.5136989204776993,0.48055399330097914,0.29252622771450343,0.7610853748655613
SYN_00000046,0.6614706829773163,0.6674914455447258,0.7022075698790586,0.6540470212251889
SYN_00000047,0.614520177034234,0.8990739636876686,0.8856739518431817,0.5840685156827068
SYN_00000048,0.7519077786565792,0.9554907466516095,0.8581629635320767,0.8492855388147879
SYN_00000049,0.6099200535176861,0.618381761144669,0.45573892256178894,0.6010288454727251
SYN_00000050,0.6489983516637807,0.7579815829531367,0.4077827107513212,0.6555626035608526
SYN_00000051,0.7026868902600597,0.3795001232005622,0.6312515029734513,0.42769135716231993
SYN_00000052,0.8075663673047587,0.5341647854685422,0.7533153167785128,0.5198806908416324
SYN_00000053,0.4845537340892935,0.9896578925510842,0.49965439028265923,0.33480163471739244
SYN_00000054,0.558401146087342,0.4422113304069277,0.8067320517516828,0.7185568136859438
SYN_00000055,0.49937653983016367,0.35567187103282266,0.7249853283963779,0.44882371591906495
SYN_00000056,0.5125943464807015,0.30830338651825645,0.7251789846353481,0.7034036641034082
SYN_00000057,0.6247296743234215,0.909004185029201,0.7363779626667945,0.4049970595660055
SYN_00000058,0.4999750670581113,0.9953601230025388,0.6066776494714069,0.7020248508917303
SYN_00000059,0.6144402718777635,0.34306621174586316,0.7839061896899889,0.7972667108350721
SYN_00000060,0.4953518865795281,0.3762327958221961,0.5634711187583654,0.8156568260849291
SYN_00000061,0.6353721763952095,0.3016567962547405,0.9162320254954155,0.6953907533691284
SYN_00000062,1.0,0.9870242987577383,0.3389311224674258,0.47850395421146674
SYN_00000063,0.7493273526537018,0.9792789514789844,0.8242652979205923,0.6854688697328775
SYN_00000064,0.6141685906186519,0.1439436315497191,0.6861213057558214,0.3651514150426732
SYN_00000065,0.731590979790451,0.6950364556732789,0.7483153907622825,0.7138628460349007
SYN_00000066,0.7593818000762521,1.0,0.6141661288365964,0.3355298919329633
SYN_00000067,0.8025860369485288,0.05,0.3508976540799879,0.8639678178685641
SYN_00000068,0.6356179852711267,0.28677803423241477,0.5251695566864779,0.8468941501230334
SYN_00000069,0.7258096411624098,0.5752324548765678,0.6790491501442226,0.6592828095931167
SYN_00000070,0.7531357850467157,0.4241452045167594,0.65199613801653,0.7701464565554347
SYN_00000071,0.6337231364658089,0.9306708084452983,0.8453010607096851,0.6226613357540569
SYN_00000072,0.812879183386924,0.9876313270729559,0.5230659198487726,0.9432181124590062
SYN_00000073,0.8407008452814017,0.3417591925204839,0.40445141350301345,0.7317511630236447
SYN_00000074,0.7026469562584451,0.6137455815839422,0.394849937214904,0.911660440089042
SYN_00000075,0.6679925287291609,0.5719742144252329,0.3634735346157053,0.7566827298062128
SYN_00000076,0.8600005265134317,0.6677524221288655,0.7778405434044029,0.7506045419704854
SYN_00000077,0.6763804076612633,0.8318477685584441,0.8030246337656779,0.47278911597031553
SYN_00000078,0.9699970658518173,1.0,0.7220866939019023,0.867089262554677
SYN_00000079,0.5262691584812725,0.9933402764023381,0.7070671434668109,0.732703420440357
SYN_00000080,0.6876242086667098,0.10528885548510676,0.9163296069713016,0.7492617260630915
SYN_00000081,0.6670764536542311,0.40368416200824336,0.4565450728217854,0.7807867602587116
SYN_00000082,0.836197356813512,0.35870152567729724,0.5441800044381077,0.34590065119539803
SYN_00000083,0.8245256578409602,0.23367750135798862,0.8245451518952943,0.9146094862919288
SYN_00000084,0.6560958420910596,0.20593953911246354,0.6495307155186432,0.636700354122319
SYN_00000085,0.9796320994643607,0.6061570952125351,0.6837494723302514,0.546841052153877
SYN_00000086,0.8271681493330798,0.38023994091052277,0.44696960362832505,0.6897711632106128
SYN_00000087,1.0,0.33026022576238295,0.830547778578981,0.75754452955261
SYN_00000088,0.7068851668074283,0.8784000945289807,0.453068599379587,0.23902064687163266
SYN_00000089,0.6688954890924452,0.5872237221908989,0.7741743755290963,0.8474247291875806
SYN_00000090,0.43635868376754006,0.38021151102146744,0.8435425334650354,0.8384034778398377
SYN_00000091,0.3,0.8848884393160934,0.4562362335644639,0.5858725701135069
SYN_00000092,0.7027835498938246,0.5610786494697289,0.7014802505459469,0.25448941193339286
SYN_00000093,0.6846921011131749,0.22394564449489163,0.5921703048888737,0.7481204997827965
SYN_00000094,0.843040697335695,0.5205868268111875,0.6469511561883634,0.7015986768542656
SYN_00000095,0.8012410184636791,0.9927122790370562,0.7121160164607799,0.8631791143248081
SYN_00000096,0.606223276139925,0.4549836940395011,0.5853209284475287,0.6302184203755685
SYN_00000097,0.6320970939175451,0.144684705734708,0.624972422260824,0.48275548026050213
SYN_00000098,0.6548051533201635,0.6105332865325506,0.5623882464771521,0.465268850953949
SYN_00000099,0.9433607315090445,0.5900296231549859,0.6871534249420939,0.7770835582556803
SYN_00000100,0.8670787203174446,0.9412086755431623,0.8921101856689382,0.40845555974788944
SYN_00000101,0.578496867768474,0.4454120237503365,0.7441785164986973,0.9256215468232871
SYN_00000102,0.7583455291061159,1.0,0.7894231939782361,0.6933980212068177
SYN_00000103,1.0,0.9869449946293368,0.6349151737300645,0.5359076869151581
SYN_00000104,0.509224755702987,0.24187889619016004,0.5983553542976358,0.9107016839890774
SYN_00000105,0.7210193438828504,0.5756691980808794,0.47110560304620297,0.6748197433844786
SYN_00000106,0.37834744350715155,0.1327748502406262,0.8147036758769741,0.9124141299780215
SYN_00000107,0.449500841818241,0.3891288896743935,0.15596883011314686,0.4332628095760374
SYN_00000108,0.9901796367615101,0.5494185697568156,0.2842052986712986,0.8119042550658131
SYN_00000109,0.8290198151802044,0.6346972592880576,0.733009191806032,0.914319203388428
SYN_00000110,0.4195437745517966,0.1271306374666453,0.37115325698240387,0.4187520160558351
SYN_00000111,0.9149660462487293,0.8054511488454932,0.5591863460338466,0.7070772500604784
SYN_00000112,0.6715831376969509,0.5465710506726473,0.7710110331737791,0.8983296886885008
SYN_00000113,0.714822087859714,0.8242805396541475,0.8172390156567599,0.34270305295778763
SYN_00000114,0.8059572770815346,0.7419640304356211,0.3775495523572827,0.886818773622534
SYN_00000115,0.31611917824828756,0.35428541318009155,0.5283202852198535,0.6174972344061338
SYN_00000116,0.7447337329563203,0.8653163099697877,0.46173037533172157,0.6200232520744721
SYN_00000117,0.27798612175846277,0.37861540155778184,0.46388021264053564,0.750017755507458
SYN_00000118,0.8882281133480866,0.7663420559120531,0.37037714783686426,0.7839257083241394
SYN_00000119,0.47324202748547783,0.8401392737064033,0.454404294272076,0.8001913678551621
SYN_00000120,0.8135686218842642,0.5865443275511572,0.4629838005515147,0.8442438747962802
SYN_00000121,0.5033027406732942,0.542544618005039,0.6773653733155188,0.7908937973648721
SYN_00000122,0.5797218629344709,0.8251341403220719,0.6175205854308824,0.517164227678629
SYN_00000123,0.8880861373226102,0.7364750972388329,0.41103782709815156,0.4949654081830576
SYN_00000124,0.7417787798586157,0.20873291802117377,0.47513395222399424,0.7982124428885027
SYN_00000125,0.8360586618940663,0.473053686969168,0.6839390672865135,0.6768114109483069
SYN_00000126,0.8396049334558809,0.6615275642112687,0.47616988457519954,0.8434564417505144
SYN_00000127,0.408109328596291,0.4236971279925571,0.07168555589505762,0.9546254421194962
SYN_00000128,0.8083020449746493,0.5773868232429226,0.5659121453837008,0.30162116837203684
SYN_00000129,0.6184497102228627,0.454210950754724,0.7946008144497632,0.7402004232658959
SYN_00000130,0.4032368778587699,0.41272797953912,0.46847738489416846,0.8365746442514161
SYN_00000131,0.14114305471237124,0.383149408476525,0.7060270889910937,0.4527510346403987
SYN_00000132,0.9022851735027123,0.9764665900435626,0.6815685667599668,0.9100657234942101
SYN_00000133,0.9282720204435922,0.3574512363191226,0.5805824811096021,0.5039103845768395
SYN_00000134,0.757201479849914,0.7249473417296297,0.1720116163174537,0.5924647470789051
SYN_00000135,1.0,0.42951605380519364,0.7937128552256522,0.3810337526655624
SYN_00000136,0.8274067615470193,0.9854405474314034,0.5595212400359117,0.792527170852843
SYN_00000137,0.8671508577489346,0.9858943270771494,0.5331314936331576,0.6911044201998354
SYN_00000138,0.8777869248549247,0.15285208922948176,0.3575673152973621,0.4402257453779452
SYN_00000139,0.5949527801131107,0.3234141281443879,0.7719632415135296,0.6937098786196938
SYN_00000140,0.743845535380123,0.9867663807603625,0.42574690658975173,0.5478085536280377
SYN_00000141,0.7036748733920226,0.8846351508256858,0.6212376126510093,0.8404178518824218
SYN_00000142,0.5899265244094685,0.6872037518002034,0.4718714387520366,0.5665847407180934
SYN_00000143,0.6157830195397579,0.6850560713489565,0.349710123817583,0.4652148598830986
SYN_00000144,0.8021321011861904,1.0,0.33768103270274813,0.9104294382326727
SYN_00000145,0.6686043074988873,0.8072953517841482,0.687993708197563,0.8568495134049986
SYN_00000146,0.6655463065473081,0.465125953497867,0.6393113869079531,0.491036411495505
SYN_00000147,0.7439391069261629,0.31985140092199843,0.3932086219208202,0.2757923046448159
SYN_00000148,0.6885126786688152,0.08466429584802118,0.9107985102003154,0.7972366002175447
SYN_00000149,0.601584768265989,0.7030421460710895,0.5140259022229741,0.3946040041915754
SYN_00000150,0.7469596503949189,0.058651074349266086,0.7995969357927882,0.6428317269705895
SYN_00000151,0.8217010600626935,0.7610289748678329,0.7481451848984678,0.7242513030224221
SYN_00000152,0.5550594226107249,0.5551194583443941,0.6207725004789851,0.6316349082711146
SYN_00000153,0.5779836097572854,0.9251059167167177,0.6238875436210112,0.8322954977092777
SYN_00000154,0.5489093835362869,0.8545561168983156,0.6198719827821867,0.32468736374155716
SYN_00000155,0.6128454741678196,0.587358145421239,0.7952318224163191,0.7207933797968553
SYN_00000156,0.568974935124009,0.05,0.8531782782769706,0.935870199319807
SYN_00000157,0.5622674233602576,0.226573052344715,0.6703287937012153,0.8645041346460627
SYN_00000158,0.9695485321080025,0.906992808810216,0.6752707116077362,0.2968523870113694
SYN_00000159,0.5491095945079222,0.5232198871986957,0.6654643810168778,0.851090224358106
SYN_00000160,0.37515169688304023,0.6301326867224629,0.7019740986728227,0.9337754873149876
SYN_00000161,0.8369969711899621,0.6493842514644954,0.44008845453620404,0.8501953231068217
SYN_00000162,0.5123434477785386,0.7700407618992241,0.38861752469625765,0.6614875261980947
SYN_00000163,0.7508335947088122,0.26868406471581385,0.595158732198407,0.5367731474716128
SYN_00000164,0.5225236761088788,0.9920418065792438,0.29220095416117386,0.4175007908436745
SYN_00000165,0.670197629016228,0.29525219478219966,0.5551633010133961,0.8848648278675592
SYN_00000166,0.6838572573202385,1.0,0.8107217165821936,0.7176232791910955
SYN_00000167,0.6750488741708002,0.8004491832791988,0.6886519087637996,0.7643300595650571
SYN_00000168,0.8800277619939094,0.7187742538257137,0.5610948921315017,0.8479029382198733
SYN_00000169,0.9260491811106509,0.9979121823408074,0.5287833901608057,0.5856593749150986
SYN_00000170,0.7879259238584069,0.4196346411774366,0.594921408842457,0.8071087181634962
SYN_00000171,0.5257979130841769,0.9901258152238271,0.4406485103227016,0.8050173783731889
SYN_00000172,0.6317886772343724,0.2190178657584424,0.8157543049724141,0.1662206075725962
SYN_00000173,0.5501848744074799,1.0,0.37132049968611175,0.9207838586030415
SYN_00000174,0.6034215230752715,0.6628321732693682,0.8401698161003618,0.8235212808674428
SYN_00000175,0.8527744180604764,0.3757985150163841,0.9942645341853218,0.39955591801366747
SYN_00000176,0.7577959150155877,0.13283545166734387,0.9592470061642775,0.8793133659892503
SYN_00000177,0.5073709761183139,0.43416144174636223,0.8957211974539736,0.4568921715731737
SYN_00000178,0.5566950871966341,0.48083322531456035,0.44258818629940955,0.6304179929038803
SYN_00000179,0.32263702480350714,0.47499688203738033,0.2809308871257697,0.7471729854603554
SYN_00000180,0.7938423343004479,0.8454116579187579,0.43036917988545054,0.6569060582224675
SYN_00000181,0.46601815267109703,0.24997636510199814,0.6548257556880321,0.9930251735615054
SYN_00000182,0.9762886635899719,0.9896876523389344,0.262065596493309,0.8640357243765625
SYN_00000183,0.7286322541771247,0.5211492237188114,0.7589489299769213,0.9482338226525029
SYN_00000184,0.37374833928284595,0.55573839383975,0.7875907007431067,0.4289572359745231
SYN_00000185,0.6963105952581462,0.7195036068863334,0.9714320606969473,0.8528600201408794
SYN_00000186,0.5876456828266737,0.581473195176728,0.9617667028340197,0.4079946700015058
SYN_00000187,0.7786202153242096,0.7444548649286028,0.3943336670543803,0.42126229924759956
SYN_00000188,1.0,0.31628507112053467,0.7927245011722704,0.627719102011962
SYN_00000189,0.7267553473123762,0.5608092330222871,0.7933092727076793,0.7072903858333242
SYN_00000190,0.8322253987696661,0.23839863663381014,0.6361031544376168,0.7785830244409747
SYN_00000191,0.7803744075979163,0.5104769430954448,0.90314359533636,0.6641199647181552
SYN_00000192,0.29906707410262157,0.3345542679051519,0.6583524480210993,0.4128234269948351
SYN_00000193,0.4438635581527577,0.40283187693332856,0.6924381699289516,0.6385837807642792
SYN_00000194,1.0,0.5710560391466748,0.853026007289944,0.8235621708293697
SYN_00000195,0.7835806654988852,0.5393628950155583,0.6274504256552116,0.37135213174858434
SYN_00000196,0.8767074613977516,0.7507360557896818,0.6963931188230981,0.7039316149923591
SYN_00000197,0.5485948408852591,0.9366262255726335,0.5294047351138694,0.5066851734762597
SYN_00000198,0.5497923812909732,0.5056250987362584,0.8228708127364569,0.8502639309369863
SYN_00000199,0.6186591236200265,1.0,0.6140183151617528,0.6143634164177042
SYN_00000200,0.7881262959294528,0.5470788314702796,0.9636416352412144,0.8881246564948975
SYN_00000201,0.5547233508257849,0.20237892611272046,0.6379390428180254,0.5568680031193052
SYN_00000202,0.7784941510327792,0.5028509519380353,0.5272644692563416,0.25909670549666647
SYN_00000203,0.3571444998840444,0.6212770261030278,0.8003524957688335,0.582745937125356
SYN_00000204,0.5783308063318091,0.43849500639907435,0.6142651342549135,0.5641882301886414
SYN_00000205,0.7761557807351708,0.7003283068236505,0.3835084376355297,0.784275201397485
SYN_00000206,0.6589338880789581,0.24018892446430853,0.28040455192496444,0.31303518950392506
SYN_00000207,0.6658276112902128,1.0,0.7649780403502954,0.4548601452282986
SYN_00000208,0.5409428361696901,0.41855021684807764,0.535943800503895,0.5380233851194318
SYN_00000209,0.928452294836161,0.7119244690772782,0.670344674931191,0.8806501337440971
SYN_00000210,0.7169542181661372,0.6432019343391,0.4560913163485526,0.2270787448567962
SYN_00000211,0.39663331415102276,0.49887828395971195,0.5514766696313746,0.8114492789347676
SYN_00000212,0.9418716329063632,0.6785962445751881,0.3868301154046617,0.8426462689460927
SYN_00000213,0.5884057768994583,0.6851704138360984,0.5354732225511039,0.6562589097430782
SYN_00000214,0.7969818817896314,0.0916547902768516,0.5044917511968543,0.8894572955925014
SYN_00000215,0.8926178092464677,1.0,0.5805346232606723,0.8307534142814795
SYN_00000216,0.8473011147170141,0.647478862568608,0.6854774217663868,0.7563665661271283
SYN_00000217,0.8784296503700404,0.7414472472333667,0.6980760011308501,0.5907817326506527
SYN_00000218,0.7628553464215833,0.8365981590830468,0.4918287345455275,0.4748832163347779
SYN_00000219,0.7681114750233188,0.5208468243114222,0.7424115820882716,0.5651314586032978
SYN_00000220,0.8732747435249838,0.7891422480733695,0.4212450415428713,0.5833636487214517
SYN_00000221,0.5483170252080323,0.3842825653760642,0.49692537037937395,0.9161130435371865
SYN_00000222,0.6722119169507752,1.0,0.48232337096515693,0.8303253545193753
SYN_00000223,0.5909591339911895,0.30993020139966126,0.7097651066463709,0.8569096613743914
SYN_00000224,1.0,0.456225998160413,0.9391332019749873,0.3295343157675122
SYN_00000225,0.6909944200474405,0.5985561217732669,0.4493864317320656,0.7570624849820179
SYN_00000226,0.597494667335294,0.14995129716660033,0.6086513311043368,0.46064636540866954
SYN_00000227,0.3894473666636537,0.4889770272086983,0.21445330454237624,0.569997991670695
SYN_00000228,0.8511541762331565,0.7613018673493034,0.6652104908802299,0.5861229272460555
SYN_00000229,0.8913225301172991,0.7172651940912665,0.32653351714545953,0.8789352174727253
SYN_00000230,0.9135366510788191,1.0,0.8875468735607623,0.41653532162623236
SYN_00000231,0.7535120556461637,0.6332192984918742,0.45756303749433574,0.5239079054735591
SYN_00000232,0.5185606871828391,0.28501475906749285,0.8526202063371622,0.3612445731689303
SYN_00000233,0.687035725421606,0.376585300633575,0.5682116469830261,0.6628493287650185
SYN_00000234,0.6258890675136979,1.0,0.7749333633535416,0.8741139401640857
SYN_00000235,0.4536243879032535,0.13775827543340083,0.5819284639296525,0.708938109063684
SYN_00000236,0.8999711517758993,0.8341287437686787,0.9011191210809367,0.5024162669598584
SYN_00000237,0.45444400018569797,0.3210425558943704,0.8359448056237728,0.2538608217854446
SYN_00000238,0.8226515834434278,0.7553192841116712,0.7393140470612536,0.5725987341786897
SYN_00000239,0.6457290907273554,0.27098432604561873,0.3344841457627272,0.4774785829722835
SYN_00000240,0.5508050264365458,0.8205016574147173,0.4142403704740134,0.8160151822594018
SYN_00000241,0.8774339664174148,0.3836367375441603,0.6379115670578757,0.5234691777682094
SYN_00000242,0.5817639855576083,0.9923553185061241,0.8371890746050524,0.8184177518264473
SYN_00000243,0.8238074129281325,0.355373665789213,0.21678506275277712,0.4466329635739473
SYN_00000244,0.7381757809738829,0.9567464288405324,0.367050275017222,0.6154046531327372
SYN_00000245,0.8429968074360806,0.38116265968189433,0.5761425654016894,0.673994934595106
SYN_00000246,0.8834526486416613,0.4804483205073947,0.5013207626543652,0.5886294690478454
SYN_00000247,0.5551698593138962,0.5496982979330516,0.793993748424897,0.8487355182568639
SYN_00000248,0.7956343166997446,0.37515828966337483,0.6130283198035865,0.566563666979514
SYN_00000249,0.9837177259817027,0.36628226232895766,0.7646265731273167,0.4664592968445001
SYN_00000250,0.7512158600313795,0.3750104271490819,0.774555137479896,0.49166231995736104
SYN_00000251,0.3817837362876572,0.43979996978512453,0.4689808241999567,0.9132024981395884
SYN_00000252,0.6234326386100458,0.6099734600607115,0.819854656774018,0.42773018056184303
SYN_00000253,0.9045139302996595,0.6977321346604552,0.44148121937992724,0.38881626479415154
SYN_00000254,0.5040808883891097,0.3590337413362938,0.3877070471825915,0.8641028766304006
SYN_00000255,0.6509451192958191,0.664868876615281,0.3734333590772611,0.7779996125689813
SYN_00000256,0.42629830963582066,0.44061443566416275,0.7743445090682527,0.8716797224433778
SYN_00000257,0.9580363399840124,0.8768776244185468,0.7132057363129459,0.3963193957080564
SYN_00000258,0.5856047847259472,0.2784365379988025,0.8381978817147129,0.6841275749831076
SYN_00000259,0.8772711645218668,0.2521116013050037,0.3178744190490588,0.4075937136943051
SYN_00000260,0.53721364630587,0.05,0.5655583905668944,0.9482592035054946
SYN_00000261,0.48997305740091074,0.8066978674738905,0.6901629207032137,0.8186449910481622
SYN_00000262,0.6290290864111842,0.05,0.6071390182185632,0.764259618271677
SYN_00000263,0.9083256673541953,0.55299059954748,0.9304203510390034,0.6062078088325829
SYN_00000264,0.8152815977479663,1.0,0.5052931784987434,0.7738193291784385
SYN_00000265,0.8898966972297031,0.319258749382547,0.7428505109278366,0.74693111838883
SYN_00000266,0.5237669899473391,0.12740333923539046,0.6873871137964499,0.6304392316881434
SYN_00000267,0.7678030508499561,0.8001753898051841,0.7352811751713871,0.7075862887043329
SYN_00000268,0.509233855414588,0.05428806585197678,0.8237074532086097,0.5789429702778407
SYN_00000269,0.8622262261897423,0.682284408411066,0.6740709886821137,0.6739797015302794
SYN_00000270,0.51772467216837,0.4388829161529035,0.6463236377902004,0.9367521373172683
SYN_00000271,0.7000593435068054,0.3449172955985998,0.7995692612050896,0.6801145018602119
SYN_00000272,0.47113154092963083,0.15187121782283003,0.7807172863119305,0.5174565604633076
SYN_00000273,0.49106954593591196,1.0,0.5106750192922914,0.9323824320418685
SYN_00000274,0.6536112058239696,0.31140284736338575,0.9327191917448293,0.6739802680375834
SYN_00000275,0.6980903517316142,0.8132427974559571,0.7235472695676658,0.7636468904416922
SYN_00000276,0.6186587132028056,0.2940398158038397,0.8064307100859922,0.2542199381533232
SYN_00000277,0.7302707873890588,0.9864213955989369,0.16150705020089517,0.6270617103086186
SYN_00000278,0.8139860188087505,0.9192858346591051,0.9032074662579995,0.7620566499366054
SYN_00000279,0.9049887462806192,0.7533144287470271,0.708986653000143,0.9476150906102417
SYN_00000280,0.6427736463547743,0.9818161629551685,0.8189916518919842,0.7080420009795863
SYN_00000281,0.9261079802401485,1.0,0.5045887256393626,0.45295236702649216
SYN_00000282,0.5763845127088275,0.33359623054735904,0.6780941150585105,0.7033234589409075
SYN_00000283,0.4835349119384368,0.055867528359120136,0.9411087790429796,0.7497051792521273
SYN_00000284,0.5273185995054915,0.18341476639154902,0.7713719343582702,0.8783517442706944
SYN_00000285,0.2916690714254133,0.6536998218487148,0.49902827650490966,0.8215024116177083
SYN_00000286,1.0,0.24580168610242778,0.7428342795174305,0.7042543134832193
SYN_00000287,0.9836344467190516,0.42016053016196797,0.7159089768358774,0.6881791603240557
SYN_00000288,0.7839930575722202,0.2920863898653593,0.5188774418654201,0.8288461782896993
SYN_00000289,0.7751847608003564,0.8833629248420735,0.10419766165644125,0.6674205145547418
SYN_00000290,0.4606862320464545,0.6037679630189926,0.789589632338168,0.9050723008071357
SYN_00000291,0.9,0.8360747893184702,0.581382884574147,0.8040928426884839
SYN_00000292,0.8472682805860947,0.39886672130711154,0.30284580457936244,0.5590402073706606
SYN_00000293,0.7576451243195912,0.9892847271988836,0.2768579839953858,0.7633420019092841
SYN_00000294,0.36807078812985283,0.23948971814405634,0.7718066456198084,0.7679446780926588
SYN_00000295,1.0,0.5992183787350486,0.7348887679571003,0.6421524494566383
SYN_00000296,0.4931304869318056,0.3445791604426077,0.6048172699581804,0.4523327106624449
SYN_00000297,0.8142780809531645,0.9052039597531838,0.35041611796633204,0.8048967349538436
SYN_00000298,0.8773902067799737,0.05,0.7062526188794304,0.8287486355294473
SYN_00000299,0.49368007717687545,0.6439508400452378,0.7042263643383215,0.6250587374124529
SYN_00000300,0.6314615797401216,0.8131508416458337,0.4822375556274049,0.811601908652534
SYN_00000301,0.8037327345109784,0.5547575654114294,0.7580211229858941,0.5049166958242474
SYN_00000302,0.36837020934613607,0.30681125629694783,0.6327783080537531,0.7922801235385782
SYN_00000303,0.6922398921565669,0.37908774866989897,0.8234896993109813,0.6610903749412421
SYN_00000304,0.9230387831992263,1.0,0.9258106560439558,0.9339347021537896
SYN_00000305,0.3,0.5401994979440427,0.6840974398413079,0.5243964104841095
SYN_00000306,0.5614427246800294,0.5656541094331131,0.7375447665141766,0.4964353107809176
SYN_00000307,0.8378203948823361,0.5806861549219922,0.1552778664701675,0.38388673001146967
SYN_00000308,0.9429665904592112,0.7376198236930964,0.3773053279486689,0.8950360261313837
SYN_00000309,0.4826572096227255,0.9390290077201449,0.7153510089885976,0.7791036983518412
SYN_00000310,0.5488573575104252,0.1449459096056388,0.534014969214345,0.4267678390745629
SYN_00000311,0.8196214925703544,0.6535648175361514,0.776015651679027,0.752553427097896
SYN_00000312,0.6753574555193422,0.3459487181667308,0.7272462458835783,0.6238488808692217
SYN_00000313,0.6770864083000121,0.3391811145960667,0.4951977215719666,0.5622705021605855
SYN_00000314,1.0,0.6355090522209713,0.44613245055042994,0.5646822033008625
SYN_00000315,0.8112327290933289,0.9831344691836622,0.5583287284999798,0.8802325018657348
SYN_00000316,0.5152590939494658,0.07750536482534268,0.6547392279461511,0.6902380547695965
SYN_00000317,0.627207280793885,0.3973473929064779,0.2751922143876945,0.7619370126946394
SYN_00000318,1.0,0.7351588055062426,0.7520626006813337,0.6211093417914886
SYN_00000319,1.0,0.5391207352897955,0.7479561686789011,0.6093991583150397
SYN_00000320,0.5484006358947638,0.6402913353409849,0.5815146067763388,0.38816533862629393
SYN_00000321,0.5280435092023584,0.9097225354914534,0.5616361975728766,0.9517169512221649
SYN_00000322,1.0,0.3240529183664964,0.7767738707502246,0.5838236650056314
SYN_00000323,0.606478718508628,0.05,0.49310988887299056,0.586079319998169
SYN_00000324,0.37597404581152083,0.47400582372574235,0.32787505196069755,0.48726129292228476
SYN_00000325,0.9328457966446643,0.3836129334079092,0.5622536627651832,0.8753694712359759
SYN_00000326,0.4040937102764187,0.6443070148466994,0.5585391301672099,0.6541155330819914
SYN_00000327,0.8941596112181667,0.5124810512846321,0.8946993738432923,0.41527048960845075
SYN_00000328,0.7837100270382159,0.3658724011225842,0.6227620817492097,0.31325814959807474
SYN_00000329,0.7521449881139562,0.4169687719427888,0.28784709270872094,0.5449462783856701
SYN_00000330,0.8594245046784104,0.887235819115516,0.8306400877176945,0.5696835145619035
SYN_00000331,0.7685353254889322,0.36290995194171183,0.5384422026422961,0.9309680295139444
SYN_00000332,0.7265531087714616,0.9646640715530684,0.6811029667962356,0.7348100214815063
SYN_00000333,0.991569389515244,0.5370865999126718,0.7650274553220214,0.7184297443512758
SYN_00000334,0.756992486143194,0.9415970095178455,0.4675779644518822,0.5237259854149243
SYN_00000335,0.6893873069557612,0.9801514921985709,0.5500393988829428,0.6873921440759598
SYN_00000336,0.3335782565961787,0.5624792523075428,0.2526689266436566,0.5622531968328897
SYN_00000337,0.9620246265772913,0.4639370483972465,0.7935235469501397,0.5538240564126804
SYN_00000338,0.7173222283313303,0.7776966115378913,0.9381740529111956,0.7349298157554731
SYN_00000339,1.0,0.6584566862699827,0.33168558880694055,0.5922209595223477
SYN_00000340,0.7200574384094007,0.5869178338761478,0.4911697978411942,0.8314310132493886
SYN_00000341,0.924813353790359,0.4149010689843667,0.5631635725204941,0.7093218882320187
SYN_00000342,0.7550977948025126,0.05313612127351591,0.6412708902146452,0.3677398944809701
SYN_00000343,0.5362005117609848,0.9125034576549558,0.8307274234459996,0.9025141230480899
SYN_00000344,0.5396790914469294,0.6382691823502968,0.3282910090277494,0.8621513492782008
SYN_00000345,0.40527262065565384,0.15039918109380748,0.26634869482887463,0.7395614242016663
SYN_00000346,0.6161039554954424,0.7600146967868312,0.6468445659502695,0.5551724349370458
SYN_00000347,1.0,1.0,0.5569232273689112,0.8015387866358501
SYN_00000348,0.41708748454369515,0.3820496663563516,0.4155465395084971,0.637450675595676
SYN_00000349,0.5737506125914114,0.46697122807354496,0.6806186834492257,0.8103468009229651
SYN_00000350,0.591624874729138,0.5239111955240642,0.7259663283419842,0.9057479575799626
SYN_00000351,0.35390905251240545,0.6117376892042435,0.8209516163536511,0.46299232413198543
SYN_00000352,0.9673838355445062,0.8488627996791716,0.8141204127041036,0.7480028135062716
SYN_00000353,0.5954895015167773,0.9165662158606154,0.49731955214707313,0.7505668329625814
SYN_00000354,0.8532104416670495,1.0,0.6119202878242705,0.4715328200438236
SYN_00000355,0.36648063367157324,0.09697871222418034,0.556408435072591,0.6549727570863754
SYN_00000356,0.3603690377707975,0.4109137345193164,0.6572642865710048,0.8541373058831986
SYN_00000357,0.5401593774267599,0.053352630117977425,0.9581875519662596,0.7412048983895271
SYN_00000358,0.9840934425571497,0.8789317922972157,0.35331453207265345,0.6164648542029422
SYN_00000359,0.42486845430346754,0.6226963666451085,0.17180845274710332,0.46574210588730514
SYN_00000360,1.0,0.998479341714469,0.25241185471146294,0.5907777158035382
SYN_00000361,0.9458935814903571,0.7353231231948869,0.8386475866837327,0.8607589472736835
SYN_00000362,0.8411919015883429,0.05,0.2761219891107275,0.8141098310101685
SYN_00000363,0.5672486285761522,0.6347051784185561,0.5808467443455634,0.7829366512666417
SYN_00000364,0.6174103148167763,0.6569469863876347,0.7187679063117084,0.37581927246853947
SYN_00000365,0.9599025363055911,0.3519968697298526,0.5887566549036,0.8332116009839146
SYN_00000366,0.6879943383543882,0.4935517980718429,0.531748469912735,0.5730965435914271
SYN_00000367,0.5154381747783472,0.17091792003445877,0.6407192168018602,0.7250095343535065
SYN_00000368,0.47060302679553906,0.5098275001173356,0.4973628942628278,0.16265255348866745
SYN_00000369,0.8200215906161434,0.9309413934463823,0.2683868498122494,0.792604369249428
SYN_00000370,0.7399247388145075,0.860522315139006,0.902155018236219,0.5620218234750239
SYN_00000371,0.7051574207175091,0.23662619336159033,0.8608122204222187,0.8356885482691698
SYN_00000372,0.6572140875268548,0.3715892233404604,0.3016955147376171,0.6404860409843568
SYN_00000373,0.9033772704343191,0.6938056794317471,0.8950480946158755,0.8014871915201462
SYN_00000374,0.552585629853645,0.8116870341904115,0.8530186070392184,0.428196036400991
SYN_00000375,0.5481612587454328,0.3410743085206812,0.40735100562937804,0.6981373055633022
SYN_00000376,0.6387053112029369,0.883839251457791,0.8726629757758164,0.6005112404980987
SYN_00000377,0.300907830083552,0.40829086653461405,0.6642903539325946,0.6993068424863282
SYN_00000378,0.5282372416374734,0.08247522106666985,0.9759261253383735,0.6529275986967435
SYN_00000379,0.8111671953284723,0.3895420045775635,0.7848018181415226,0.6940644791918849
SYN_00000380,0.48685272462016177,0.45840422129869207,0.5657308053068715,0.751331206339678
SYN_00000381,0.7127590065667703,0.38463143169100455,0.26427713877605236,0.5921193571522454
SYN_00000382,0.6544595564372818,0.7837729849919481,0.4500613048907964,0.521780485398131
SYN_00000383,0.5013470440018005,0.09215585951491538,0.8806108097665399,0.5948746789375152
SYN_00000384,0.22427982473391875,0.353462143043617,0.46638077912892595,0.8913724134055716
SYN_00000385,0.7974541098629937,0.6660462689019591,0.6965396958290099,0.7235059532661442
SYN_00000386,0.5874433154149586,0.6381537044176288,0.6489599669836058,0.7463703183579597
SYN_00000387,0.7173197243621583,0.5244979489757455,0.320771762506358,0.8615040591862982
SYN_00000388,0.4534689554347392,0.26511397161386585,0.7209752534168893,0.5532048645624639
SYN_00000389,0.39945050924021713,0.6649941099300185,0.43242198346651906,0.6193421496515958
SYN_00000390,0.6519282285818278,0.5127667527535354,0.6299642859889388,0.5325444872783246
SYN_00000391,0.7917288989551572,0.6589595606622165,0.3332741507341904,0.8630932788003582
SYN_00000392,0.608618732780142,0.6424664648635278,0.35867923871796614,0.29226937353927723
SYN_00000393,0.28758624829029433,0.6274126709292067,0.8020787659427328,0.8074301080602525
SYN_00000394,0.8141620505088878,0.2555638894929126,0.259867529829103,0.5896786023828146
SYN_00000395,0.7809654135710857,0.32352798291847196,0.7730843360179784,0.7941739562792346
SYN_00000396,0.4788521514172466,0.14071217383024173,0.7432766951287874,0.7300499681617267
SYN_00000397,0.933630950960534,0.681573192820369,0.6511028974249911,0.5994412383919103
SYN_00000398,0.8365554720416631,0.9897495684825117,0.7572636786090142,0.6942533711690794
SYN_00000399,0.6499600148783539,0.43321529458859614,0.6309396520988484,0.7642241178319743
SYN_00000400,0.6541803765206408,0.30125828641995356,0.337293001170976,0.8456515051361728
SYN_00000401,0.44875067663906415,0.645128327609124,0.642505165635174,0.7970708199822454
SYN_00000402,0.7737843013416511,0.7312673596625359,0.5094667155772109,0.7957758126632577
SYN_00000403,0.6831414026996084,0.8066624411044462,0.6188571641221464,0.860590963769738
SYN_00000404,0.953058437248332,0.5347663164750309,0.5385779261852822,0.9616759636863536
SYN_00000405,0.9128194805510301,0.9745010907736172,0.7508906217154072,0.8764323184162568
SYN_00000406,0.7658318175175353,0.5948032410269434,0.4450882222632726,0.7285638419615484
SYN_00000407,0.7276957100635941,0.39458896001302207,0.8717160544688942,0.5875298862240143
SYN_00000408,0.5539557807674051,0.6380643317743986,0.6491079528653064,0.38228528833250414
SYN_00000409,0.9443142699816959,0.31407273450159284,0.7023490168560854,0.7775587221880641
SYN_00000410,0.7440054028548662,0.34673483025249296,0.8378380597404349,0.48067589064963623
SYN_00000411,0.39048046207169607,0.3697772800266927,0.37306971590035604,0.6566901424514521
SYN_00000412,0.8628632008842113,1.0,0.7021402553025133,0.3931135825067028
SYN_00000413,0.7693236924186871,0.34905593097941423,0.617342208935356,0.9569800402728463
SYN_00000414,0.8533464039622344,0.820727111677907,0.306385649358685,0.6501323363517423
SYN_00000415,0.6401382243291664,0.35865835813937164,0.5502833653994641,0.6918943348678837
SYN_00000416,0.7778864091010266,0.0809941387323059,0.6570095282113786,0.6747869572260509
SYN_00000417,0.7159348226286709,1.0,0.7821210523398134,0.769026534715741
SYN_00000418,0.6154193039982933,0.8938631990300854,0.8516503000277926,0.45869973430125693
SYN_00000419,0.6491658882240661,0.4208010847602988,0.4578433713640364,0.9627219635227504
SYN_00000420,0.8223685723821387,0.17001034342410554,0.8072609127877195,0.7682743059718978
SYN_00000421,0.8679005248241207,0.708492118960055,0.8118065417909714,0.52572172099841
SYN_00000422,0.7840842040511242,0.3778066565922841,0.7963896858128763,0.9222580591881598
SYN_00000423,1.0,0.8692932879397542,0.6128747511438811,0.5887795818649656
SYN_00000424,0.3006770263209662,0.6679652042285874,0.8214420231737232,0.7016107687155612
SYN_00000425,0.6196556397335709,0.5838800464638327,0.4185328082771344,0.8901029605454114
SYN_00000426,0.9327510116857255,0.9936045617107571,0.5612287076684606,0.9679089892073672
SYN_00000427,0.8931107256844336,0.8122169941082145,0.8244058824542532,0.4472119978273355
SYN_00000428,0.6998157520650344,0.9558240965334582,0.8856804573078363,0.7489273175038679
SYN_00000429,0.7430521717393347,0.7546543175918317,0.5034579417321183,0.3066541772567051
SYN_00000430,0.5914330120857743,0.9880424821251415,0.43481154275423933,0.9203495966795886
SYN_00000431,0.45022210409646024,0.24817837509595544,0.7367598483396542,0.47493296073990116
SYN_00000432,0.8678212505459614,0.7327857385992995,0.9520430056256471,0.6256079428002014
SYN_00000433,0.8715664622370634,0.9489286678174653,0.39447046621658627,0.68515748721401
SYN_00000434,0.5644056386081493,0.31747388030850593,0.6819974095428489,0.9589845048898852
SYN_00000435,0.6666453488801126,0.17007395237071335,0.702432982961609,0.7326814061243411
SYN_00000436,0.6523137469714931,0.6699969237097523,0.5797379519617708,0.7721261785824478
SYN_00000437,0.8221312144363442,0.592813543070671,0.6601436318093614,0.5436898159531447
SYN_00000438,1.0,0.5979197344736807,0.31675607032709424,0.3958660256442348
SYN_00000439,0.6547006836480224,1.0,0.4933629225249912,0.8236845094813279
SYN_00000440,0.7969542623810605,0.9739347873070492,0.7925807079385642,0.42732444648429296
SYN_00000441,0.8108899558601521,0.7031570293982137,0.6508621491596482,0.4254531682991877
SYN_00000442,0.8549643902398614,0.21158620065582637,0.4203543480536788,0.9545960466459074
SYN_00000443,0.6385577575982644,0.6167415117873756,0.48758923096670437,0.872604571723965
SYN_00000444,0.8125501966138396,0.4459072744575012,0.7236397087410708,0.8930526293112842
SYN_00000445,0.47229359541765364,0.31697287867741464,0.3822859599252056,0.5001814325036353
SYN_00000446,0.6973865115022858,0.6335222717467407,0.6790204299756339,0.8353099577646536
SYN_00000447,1.0,1.0,0.607619755558383,0.896552207033517
SYN_00000448,1.0,0.7927132534024989,0.6524599320256654,0.2589120871083956
SYN_00000449,0.7408022880194711,0.612888822291489,0.2713669413016508,0.8205344442624388
SYN_00000450,0.7246233361865011,0.20490623938233568,0.19897046949143873,0.4964302415198441
SYN_00000451,0.8160444805686499,0.6234856707543984,0.5435693789004623,0.7532652966249703
SYN_00000452,0.802474044260934,0.5071002037187353,0.3151523263575754,0.8308843684417143
SYN_00000453,0.8294798034826791,0.541539184834277,0.49329344931547225,0.8324794789213928
SYN_00000454,0.3,1.0,0.40576774051526726,0.8720856129649017
SYN_00000455,0.7695748620904291,0.21592729206004083,0.45638858478750155,0.719308959770241
SYN_00000456,0.3901700955819591,0.26792023507502066,0.6460448876460976,0.5279927911964627
SYN_00000457,1.0,0.6744163555133282,0.8019416366898363,0.7822830859829151
SYN_00000458,0.7934384759779942,0.5175079753894032,0.6124580592957121,0.1315647487218794
SYN_00000459,0.6250606713954893,0.47020025748569366,0.6638538805668848,0.6873869775365292
SYN_00000460,0.746445718455921,0.5687279338079172,0.6049681384822299,0.6862131976959644
SYN_00000461,1.0,0.9458005548273423,0.4266074707327939,0.5807562361425908
SYN_00000462,0.6359395789259872,0.6725067709206555,0.6659492769136113,0.6239642094922925
SYN_00000463,0.6841325192125745,0.05,0.7406124829573778,0.830385440590651
SYN_00000464,0.7445520528606564,0.6064992729646639,0.6693372882261962,0.6063472293596647
SYN_00000465,1.0,0.7853810921152377,0.5163983280072784,0.9694270548694514
SYN_00000466,0.9373253224869006,0.8435444490807327,0.3053470471580599,0.6879659184693915
SYN_00000467,0.6719922507649144,0.7010661376525232,0.2799698183246352,0.7636858339345294
SYN_00000468,0.7268791749259479,0.7983291277530421,0.5848507957730608,0.6628095304776929
SYN_00000469,0.9166546298958665,0.6557196905341224,0.9046401791251978,0.9251985014012093
SYN_00000470,0.6077997323075748,0.5637568855232064,0.11849208942043567,0.6927946461153425
SYN_00000471,0.317065866995704,0.19767554459879838,0.6910362264064971,0.7924520411716515
SYN_00000472,0.37202890461280563,0.05,0.7454066813069686,0.780702908720857
SYN_00000473,0.71747061786271,0.19352667616802913,0.6756548184942889,0.7698901751836114
SYN_00000474,0.5809489997447075,0.4019799131033716,0.7608906241315702,0.4643630633996327
SYN_00000475,0.6662971111834284,0.2253854190901787,0.9380430151554154,0.8382798934561932
SYN_00000476,0.4129336438326713,0.37017428310320577,0.3783903996829409,0.4518461478231637
SYN_00000477,0.6367424255245943,0.2093547231196761,0.8247423324539702,0.4923745093038467
SYN_00000478,0.6718545085268276,0.9983953812968878,0.4676633117403031,0.902777580675103
SYN_00000479,0.7400454891142835,0.3998799023584069,0.3711557935678936,0.4631234290661605
SYN_00000480,0.7128946286183959,0.878534969763149,0.45156017413073307,0.8013022407557573
SYN_00000481,0.8644137911586783,0.5967725415702764,0.8640915034041513,0.6255656322658486
SYN_00000482,0.8785458321378036,0.25232878503654277,0.595740508918502,0.4736492508106043
SYN_00000483,0.5575267421040826,0.36815959458766373,0.43311711438855177,0.6157439608098615
SYN_00000484,0.7150842998971491,0.05,0.46852300520477735,0.7433847578428787
SYN_00000485,0.703452078072133,0.9833642723024131,0.6105245817154493,0.6717304068254875
SYN_00000486,0.8300116039721455,0.9186424506579279,0.6202361789482352,0.5233804688469221
SYN_00000487,0.4372213288536906,0.3208308879527167,0.5078198644213936,0.6819576628280679
SYN_00000488,0.8389283175138922,0.6913356381041842,0.4827233510484667,0.6707860693910459
SYN_00000489,0.6935380944682047,0.5576987249831448,0.48518980915729526,0.39960108338736483
SYN_00000490,0.6021603694385181,0.4381761755373419,0.5010946382825097,0.46452865756209677
SYN_00000491,0.40686895642646603,0.5296966281477498,0.15582348477802888,0.8645357405272921
SYN_00000492,0.561175149817809,0.9703132665542095,0.6839611555840036,0.503477210298853
SYN_00000493,0.31667860047498464,0.05,0.18635883276752435,0.6876845097360368
SYN_00000494,0.6655542957503385,0.3109381227789474,0.8229584498230392,0.7261077282176237
SYN_00000495,0.3,0.06786440234695444,0.4624691550979641,0.6039837782723273
SYN_00000496,0.7203222552692585,1.0,0.5099896049608978,0.8556233627416419
SYN_00000497,0.19448031867137525,0.7574523364226481,0.8156208690000728,0.6372506485620378
SYN_00000498,0.9168098566440201,0.791175330211186,0.4391771040615996,0.720398851669164
SYN_00000499,0.8243809299042183,0.5333645007836139,0.5305756032570115,0.41987273178341117
